<contents>
    <lists>
        <list name="homemenu">
            <value name="window_id">Home</value>
        </list>
        <list name="1101menu">
            <value name="window_id">1101</value>
        </list>
        <list name="1102menu">
            <value name="window_id">1102</value>
        </list>
        <list name="1103menu">
            <value name="window_id">1103</value>
        </list>
        <list name="1104menu">
            <value name="window_id">1104</value>
        </list>
        <list name="1106menu">
            <value name="window_id">1106</value>
        </list>
        <list name="1107menu">
            <value name="window_id">1107</value>
        </list>
        <list name="1108menu">
            <value name="window_id">1108</value>
        </list>
        <list name="1109menu">
            <value name="window_id">1109</value>
        </list>
		<list name="1110menu">
            <value name="window_id">1110</value>
        </list>
		<list name="1112menu">
            <value name="window_id">1112</value>
        </list>
		<list name="1114menu">
            <value name="window_id">1114</value>
        </list>
		<list name="1125menu">
            <value name="window_id">1125</value>
        </list>
		<list name="1126menu">
            <value name="window_id">1126</value>
        </list>
		<list name="1127menu">
            <value name="window_id">1127</value>
        </list>
    </lists>
    <items>
        <item>
            <value name="comments">{window_id} Extended Global</value>
            <template>generator/data/parts/basic_include.xmltemplate</template>
            <value name="grouplist_id">5000</value>
            <value name="grouplist_refocus">Action(PreviousMenu)</value>
            <value name="includes_name">skinvariables-{item}-extended-global</value>
            <value name="includes_part">
                <items menu="{item}-extendedwidgets">
                    <item>
                        <template>generator/data/parts/widgets_row.xmltemplate</template>
                        <datafile>generator/data/setup/widgets_row.xml</datafile>
                        <datafile>generator/data/setup/widgets_extended_row.xml</datafile>
                        <condition>{item_path}!=</condition>
                        <condition>{item_disabled}!=True</condition>
                        <enumitem name="enum_x">widget_{parent_item}_globalwidgets</enumitem>
                        <value name="widget_include_condition">String.IsEmpty(Window(Home).Property(Hubs.ExtendedWidgetGUID))</value>
                    </item>
                </items>
            </value>
        </item>
    </items>
</contents>