<?xml version="1.0" encoding="UTF-8"?>
<window type="window" id="1114">
    <include content="Action_Hubs_Onload" condition="!Integer.IsEqual(Skin.String(Hub.Home.ReplaceWindow),1114)">
        <param name="window_id">1114</param>
        <param name="property_window_id">1114</param>
    </include>
    <onload condition="Integer.IsEqual(Skin.String(Hub.Home.ReplaceWindow),1114)">ReplaceWindow(Home)</onload>
    <controls>
        <include content="Hub_Controls" condition="!Integer.IsEqual(Skin.String(Hub.Home.ReplaceWindow),1114)">
            <param name="window_id">1114</param>
            <param name="property_window_id">1114</param>
            <param name="widgets_only">Skin.HasSetting(Hub.1114.DisableSubmenu)</param>
            <param name="widgets_include">skinvariables-1114menu-widgets</param>
            <param name="categories">1114menu</param>
        </include>
    </controls>
</window>