<?xml version="1.0" encoding="UTF-8"?>
<window type="window" id="1110">
    <include content="Action_Hubs_Onload" condition="!Integer.IsEqual(Skin.String(Hub.Home.ReplaceWindow),1110)">
        <param name="window_id">1110</param>
        <param name="property_window_id">1110</param>
    </include>
    <onload condition="Integer.IsEqual(Skin.String(Hub.Home.ReplaceWindow),1110)">ReplaceWindow(Home)</onload>
    <controls>
        <include content="Hub_Controls" condition="!Integer.IsEqual(Skin.String(Hub.Home.ReplaceWindow),1110)">
            <param name="window_id">1110</param>
            <param name="property_window_id">1110</param>
            <param name="widgets_only">Skin.HasSetting(Hub.1110.DisableSubmenu)</param>
            <param name="widgets_include">skinvariables-1110menu-widgets</param>
            <param name="categories">1110menu</param>
        </include>
    </controls>
</window>