<?xml version="1.0" encoding="UTF-8"?>
<window type="dialog" id="1152">
    <zorder>0</zorder>
    <visible>Window.IsActive(VideoFullScreen.xml)</visible>
    <visible>Window.IsActive(DialogSeekbar.xml)</visible>
    <animation effect="fade" end="0" start="100" time="300">WindowClose</animation>
    <controls>


        <control type="group">
            <include content="Animation_ConditionalFade">
                <param name="condition">![Window.IsActive(VideoFullScreen.xml) | Window.IsActive(MusicVisualisation.xml)]</param>
            </include>
            <include>OSD_QuickInfo</include>
        </control>

    </controls>
</window>
