<?xml version="1.0" encoding="UTF-8"?>
<window type="window" id="1112">
    <include content="Action_Hubs_Onload" condition="!Integer.IsEqual(Skin.String(Hub.Home.ReplaceWindow),1112)">
        <param name="window_id">1112</param>
        <param name="property_window_id">1112</param>
    </include>
    <onload condition="Integer.IsEqual(Skin.String(Hub.Home.ReplaceWindow),1112)">ReplaceWindow(Home)</onload>
    <controls>
        <include content="Hub_Controls" condition="!Integer.IsEqual(Skin.String(Hub.Home.ReplaceWindow),1112)">
            <param name="window_id">1112</param>
            <param name="property_window_id">1112</param>
            <param name="widgets_only">Skin.HasSetting(Hub.1112.DisableSubmenu)</param>
            <param name="widgets_include">skinvariables-1112menu-widgets</param>
            <param name="categories">1112menu</param>
        </include>
    </controls>
</window>