<?xml version="1.0" encoding="UTF-8"?>
<window type="dialog" id="1118">
    <defaultcontrol always="true">8000</defaultcontrol>
    <onload>SetProperty(TMDbHelper.ContextMenu,True)</onload>
    <controls>

        <include>Dialog_Dim_Overlay</include>
        
        <control type="group">
            <include condition="![String.IsEqual(Window(Home).Property(CustomDialogSettingsItems),Items_Settings_InfolineAdditionalTags) | String.IsEqual(Window(Home).Property(CustomDialogSettingsItems),Items_Settings_AutoTrailers)]">Dimension_DialogWideMenu</include>
            <include condition="[String.IsEqual(Window(Home).Property(CustomDialogSettingsItems),Items_Settings_InfolineAdditionalTags) | String.IsEqual(Window(Home).Property(CustomDialogSettingsItems),Items_Settings_AutoTrailers)]">Dimension_DialogSideMenu</include>
            <include>Animation_Right_Delay</include>
            <include content="Dialog_Dim_Side">
                <param name="slide_animation">false</param>
            </include>

            <include content="Dialog_Foreground_Side">
                <param name="dialog_size">Dimension_DialogWideMenu</param>
                <param name="topline">true</param>
                <param name="subline">true</param>

                <!-- Header -->
                <include content="Dialog_Head">
                    <param name="id">7000</param>
                    <param name="label">$INFO[Window(Home).Property(CustomDialogSettingsTitle)]</param>
                </include>
                <include>Dialog_Head_CloseButton</include>

                <!-- Content -->
                <control type="group">
                    <include>Dimension_Dialog_Body</include>
                    <control type="grouplist" id="8000">
                        <pagecontrol>61</pagecontrol>
                        <onleft>Close</onleft>
                        <onright>61</onright>
                        <include>Items_Settings_CustomDialog</include>
                        <include>Dimension_Dialog_Body_Group</include>
                    </control>

                    <include content="Dialog_Scrollbar">
                        <param name="id">61</param>
                        <onleft>8000</onleft>
                    </include>
                </control>
            </include>

        </control>
    </controls>
</window>
