<?xml version="1.0" encoding="UTF-8"?>
<window>
    <defaultcontrol always="true">61</defaultcontrol>

    <controls>
    
    <include>Dialog_Dim_Overlay</include>

        <control type="group">
            <include>Dimension_DialogWideMenu</include>
            <include>Animation_Right_Delay</include>
            <include content="Dialog_Dim_Side">
                <param name="slide_animation">false</param>
            </include>
            <include content="Dialog_Foreground_Side">
                <param name="dialog_size">Dimension_DialogWideMenu</param>
                <param name="lines_right">0</param>
                <param name="topline">true</param>
                <param name="subline">true</param>

                <!-- Header -->
                <include content="Dialog_Head">
                    <param name="id">1</param>
                </include>
                <include>Dialog_Head_CloseButton</include>

                <!-- Content -->
                <control type="group">
                    <include>Dimension_Dialog_Body</include>
                    <control type="group">
                        <include>Dimension_Dialog_Body_Group</include>
                        <control type="textbox" id="5">
                            <font>font_main_plot</font>
                            <textcolor>dialog_fg_70</textcolor>
                            <pagecontrol>61</pagecontrol>
                            <include content="Dimension_Padding">
                                <param name="pad">20</param>
                            </include>
                        </control>

                    </control>
                    <include content="Dialog_Scrollbar">
                        <onleft>Close</onleft>
                    </include>
                </control>
            </include>

        </control>
    </controls>
</window>
