<?xml version="1.0" encoding="UTF-8"?>
<includes>
    <include name="Vert_Red_Line">
        <control type="image">
            <top>-1</top>
            <height>1</height>
            <texture colordiffuse="44ff0000">common/white.png</texture>
        </control>
    </include>

    <include name="Vert_Red_Line_5">
        <include>Vert_Red_Line</include>
        <include>Vert_Red_Line</include>
        <include>Vert_Red_Line</include>
        <include>Vert_Red_Line</include>
        <include>Vert_Red_Line</include>
    </include>

    <include name="Horz_Red_Line">
        <control type="image">
            <left>-1</left>
            <width>1</width>
            <texture colordiffuse="44ff0000">common/white.png</texture>
        </control>
    </include>

    <include name="Horz_Red_Line_5">
        <include>Horz_Red_Line</include>
        <include>Horz_Red_Line</include>
        <include>Horz_Red_Line</include>
        <include>Horz_Red_Line</include>
        <include>Horz_Red_Line</include>
    </include>

    <variable name="Overlay_InfoLabel_WidgetContainer">
        <value condition="Window.IsVisible(1121)"> -1121- $INFO[Window(1121).Property(Widgets.ResetPosition), -reset: ,] $INFO[Window(1121).Property(TMDBHelper.WidgetContainer), -tmdb: ]$INFO[Window(1121).Property(Slide.WidgetContainer), -slide: ,]$INFO[Window(1121).Property(List.ViewContainer), -list: ,]</value>
        <value condition="Window.IsVisible(musicinformation)"> -musicinformation- $INFO[Window(musicinformation).Property(Widgets.ResetPosition), -reset: ,] $INFO[Window(musicinformation).Property(TMDBHelper.WidgetContainer), -tmdb: ]$INFO[Window(musicinformation).Property(Slide.WidgetContainer), -slide: ,]$INFO[Window(musicinformation).Property(List.ViewContainer), -list: ,]</value>
        <value condition="Window.IsVisible(movieinformation)"> -movieinformation- $INFO[Window(movieinformation).Property(Widgets.ResetPosition), -reset: ,] $INFO[Window(movieinformation).Property(TMDBHelper.WidgetContainer), -tmdb: ]$INFO[Window(movieinformation).Property(Slide.WidgetContainer), -slide: ,]$INFO[Window(movieinformation).Property(List.ViewContainer), -list: ,]</value>
        <value condition="Window.IsVisible(Home)"> -Home- $INFO[Window(Home).Property(Widgets.ResetPosition), -reset: ,] $INFO[Window(Home).Property(TMDBHelper.WidgetContainer), -tmdb: ]$INFO[Window(Home).Property(Slide.WidgetContainer), -slide: ,]$INFO[Window(Home).Property(List.ViewContainer), -list: ,]</value>
        <value condition="Window.IsVisible(1101)"> -1101- $INFO[Window(1101).Property(Widgets.ResetPosition), -reset: ,] $INFO[Window(1101).Property(TMDBHelper.WidgetContainer), -tmdb: ]$INFO[Window(1101).Property(Slide.WidgetContainer), -slide: ,]$INFO[Window(1101).Property(List.ViewContainer), -list: ,]</value>
        <value condition="Window.IsVisible(1102)"> -1102- $INFO[Window(1102).Property(Widgets.ResetPosition), -reset: ,] $INFO[Window(1102).Property(TMDBHelper.WidgetContainer), -tmdb: ]$INFO[Window(1102).Property(Slide.WidgetContainer), -slide: ,]$INFO[Window(1102).Property(List.ViewContainer), -list: ,]</value>
        <value condition="Window.IsVisible(1103)"> -1103- $INFO[Window(1103).Property(Widgets.ResetPosition), -reset: ,] $INFO[Window(1103).Property(TMDBHelper.WidgetContainer), -tmdb: ]$INFO[Window(1103).Property(Slide.WidgetContainer), -slide: ,]$INFO[Window(1103).Property(List.ViewContainer), -list: ,]</value>
        <value condition="Window.IsVisible(1104)"> -1104- $INFO[Window(1104).Property(Widgets.ResetPosition), -reset: ,] $INFO[Window(1104).Property(TMDBHelper.WidgetContainer), -tmdb: ]$INFO[Window(1104).Property(Slide.WidgetContainer), -slide: ,]$INFO[Window(1104).Property(List.ViewContainer), -list: ,]</value>
        <value condition="Window.IsVisible(1105)"> -1105- $INFO[Window(1105).Property(Widgets.ResetPosition), -reset: ,] $INFO[Window(1105).Property(TMDBHelper.WidgetContainer), -tmdb: ]$INFO[Window(1105).Property(Slide.WidgetContainer), -slide: ,]$INFO[Window(1105).Property(List.ViewContainer), -list: ,]</value>
        <value condition="Window.IsVisible(videos)"> -videos- $INFO[Window(videos).Property(Widgets.ResetPosition), -reset: ,] $INFO[Window(videos).Property(TMDBHelper.WidgetContainer), -tmdb: ]$INFO[Window(videos).Property(Slide.WidgetContainer), -slide: ,]$INFO[Window(videos).Property(List.ViewContainer), -list: ,]</value>
        <value condition="Window.IsVisible(music)"> -music- $INFO[Window(music).Property(Widgets.ResetPosition), -reset: ,] $INFO[Window(music).Property(TMDBHelper.WidgetContainer), -tmdb: ]$INFO[Window(music).Property(Slide.WidgetContainer), -slide: ,]$INFO[Window(music).Property(List.ViewContainer), -list: ,]</value>
    </variable>


    <include name="Overlay_InfoLabel">
        <definition>
            <control type="button" id="$PARAM[id]">
                <nested />
                <texturenofocus colordiffuse="panel_bg_70">common/white.png</texturenofocus>
                <textoffsetx>0</textoffsetx>
                <aligny>center</aligny>
                <height>40</height>
                <font>font_debug</font>
                <align>left</align>
                <textcolor>magenta</textcolor>
                <width>auto</width>
            </control>
        </definition>
    </include>

    <include name="Overlay_DebugGrid">
        <control type="group">

            <!-- Vertical 40 px lines -->
            <control type="grouplist">
                <itemgap>40</itemgap>
                <orientation>vertical</orientation>
                <include>Vert_Red_Line_5</include>
                <include>Vert_Red_Line_5</include>
                <include>Vert_Red_Line_5</include>
                <include>Vert_Red_Line_5</include>
                <include>Vert_Red_Line_5</include>
                <include>Vert_Red_Line</include>
                <include>Vert_Red_Line</include>
            </control>

            <!-- Horizontal 40 px lines -->
            <control type="grouplist">
                <itemgap>40</itemgap>
                <orientation>horizontal</orientation>
                <include>Horz_Red_Line_5</include>
                <include>Horz_Red_Line_5</include>
                <include>Horz_Red_Line_5</include>
                <include>Horz_Red_Line_5</include>
                <include>Horz_Red_Line_5</include>
                <include>Horz_Red_Line_5</include>
                <include>Horz_Red_Line_5</include>
                <include>Horz_Red_Line_5</include>
                <include>Horz_Red_Line_5</include>
                <include>Horz_Red_Line</include>
                <include>Horz_Red_Line</include>
                <include>Horz_Red_Line</include>
            </control>

            <!-- Screen Padding Lines -->
            <control type="image">
                <top>80</top>
                <height>1</height>
                <texture colordiffuse="red">common/white.png</texture>
            </control>
            <control type="image">
                <bottom>80</bottom>
                <height>1</height>
                <texture colordiffuse="red">common/white.png</texture>
            </control>
            <control type="image">
                <left>80</left>
                <width>1</width>
                <texture colordiffuse="red">common/white.png</texture>
            </control>
            <control type="image">
                <right>80</right>
                <width>1</width>
                <texture colordiffuse="red">common/white.png</texture>
            </control>

            <!-- Outer Border Lines -->
            <control type="image">
                <top>120</top>
                <height>1</height>
                <texture colordiffuse="red">common/white.png</texture>
            </control>
            <control type="image">
                <bottom>120</bottom>
                <height>1</height>
                <texture colordiffuse="red">common/white.png</texture>
            </control>
            <control type="image">
                <left>120</left>
                <width>1</width>
                <texture colordiffuse="red">common/white.png</texture>
            </control>

            <!-- Inner Border Lines -->
            <control type="image">
                <top>view_top</top>
                <height>1</height>
                <texture colordiffuse="red">common/white.png</texture>
            </control>
            <control type="image">
                <bottom>view_top</bottom>
                <height>1</height>
                <texture colordiffuse="red">common/white.png</texture>
            </control>
            <control type="image">
                <left>view_side</left>
                <width>1</width>
                <texture colordiffuse="red">common/white.png</texture>
            </control>

            <!-- View Border Lines -->
            <control type="image">
                <top>520</top>
                <height>1</height>
                <texture colordiffuse="red">common/white.png</texture>
            </control>
            <control type="image">
                <bottom>520</bottom>
                <height>1</height>
                <texture colordiffuse="red">common/white.png</texture>
            </control>

            <!-- Trough Lines -->
            <control type="group">
                <height>view_top</height>
                <control type="group">
                    <centertop>50%</centertop>
                    <height>view_bar</height>
                    <control type="image">
                        <top>-10</top>
                        <height>1</height>
                        <texture colordiffuse="green">common/white.png</texture>
                    </control>
                    <control type="image">
                        <bottom>-10</bottom>
                        <height>1</height>
                        <texture colordiffuse="green">common/white.png</texture>
                    </control>
                </control>
            </control>
            <control type="group">
                <bottom>0</bottom>
                <height>view_top</height>
                <control type="group">
                    <centertop>50%</centertop>
                    <height>view_bar</height>
                    <control type="image">
                        <top>-10</top>
                        <height>1</height>
                        <texture colordiffuse="green">common/white.png</texture>
                    </control>
                    <control type="image">
                        <bottom>-10</bottom>
                        <height>1</height>
                        <texture colordiffuse="green">common/white.png</texture>
                    </control>
                </control>
            </control>
            <control type="group">
                <left>0</left>
                <width>view_side</width>
                <control type="group">
                    <centerleft>50%</centerleft>
                    <width>view_bar</width>
                    <control type="image">
                        <right>-10</right>
                        <width>1</width>
                        <texture colordiffuse="green">common/white.png</texture>
                    </control>
                    <control type="image">
                        <left>-10</left>
                        <width>1</width>
                        <texture colordiffuse="green">common/white.png</texture>
                    </control>
                </control>
            </control>

            <control type="image">
                <bottom>494</bottom>
                <height>1</height>
                <texture colordiffuse="cyan">common/white.png</texture>
            </control>
            <control type="image">
                <bottom>280</bottom>
                <height>1</height>
                <texture colordiffuse="cyan">common/white.png</texture>
            </control>
            <control type="image">
                <bottom>200</bottom>
                <height>1</height>
                <texture colordiffuse="cyan">common/white.png</texture>
            </control>

            <control type="image">
                <bottom>113</bottom>
                <height>1</height>
                <texture colordiffuse="cyan">common/white.png</texture>
            </control>
            <control type="image">
                <bottom>87</bottom>
                <height>1</height>
                <texture colordiffuse="cyan">common/white.png</texture>
            </control>

            <!-- Center Lines -->
            <control type="image">
                <centertop>50%</centertop>
                <height>1</height>
                <texture colordiffuse="blue">common/white.png</texture>
            </control>
            <control type="image">
                <centerleft>50%</centerleft>
                <width>1</width>
                <texture colordiffuse="blue">common/white.png</texture>
            </control>
            <control type="group">
                <left>view_side</left>
                <right>view_pad</right>
                <control type="image">
                    <centerleft>50%</centerleft>
                    <width>1</width>
                    <texture colordiffuse="green">common/white.png</texture>
                </control>
            </control>

        </control>
    </include>

    <include name="Overlay_InfoLabel_Status">
        <param name="label_t">True</param>
        <param name="label_f">False</param>
        <definition>
            <control type="grouplist">
                <orientation>horizontal</orientation>
                <height>40</height>
                <include content="Overlay_InfoLabel">
                    <label> -$PARAM[exp]:</label>
                    <textcolor>yellowgreen</textcolor>
                </include>
                <include content="Overlay_InfoLabel">
                    <label> $PARAM[label_t]</label>
                    <textcolor>cyan</textcolor>
                    <visible>$EXP[$PARAM[exp]]</visible>
                </include>
                <include content="Overlay_InfoLabel">
                    <label> $PARAM[label_f]</label>
                    <textcolor>magenta</textcolor>
                    <visible>!$EXP[$PARAM[exp]]</visible>
                </include>
            </control>
        </definition>
    </include>

    <include name="Overlay_Window_DebugInfo">
        <control type="grouplist">
            <align>top</align>
            <orientation>vertical</orientation>
            <include content="Overlay_InfoLabel_Status">
                <param name="exp">Exp_Hubs_Categories_SlideDown</param>
            </include>
        </control>
    </include>

    <include name="Overlay_DebugInfo">
        <control type="group">
            <control type="grouplist">
                <align>top</align>
                <orientation>vertical</orientation>
                <include content="Overlay_InfoLabel">
                    <label> -system.currentcontrolid: $INFO[System.CurrentControlID,, | ]$INFO[System.CurrentControl,, | ]$INFO[System.CurrentWindow]</label>
                    <textcolor>yellowgreen</textcolor>
                </include>
                <include content="Overlay_InfoLabel">
                    <label> -tmdbhelper.windowmanager: $INFO[Window(Home).Property(TMDBHelper.ListItem.Monitor.TMDb_ID),TMDb_ID: , ]$INFO[Window(Home).Property(TMDBHelper.ListItem.Monitor.TMDb_Type),TMDb_Type: , ]$INFO[Window(Home).Property(TMDBHelper.ListItem.Monitor.Season),Season: , ]$INFO[Window(Home).Property(TMDBHelper.ListItem.Monitor.Episode),Episode: , ]$INFO[Window(Home).Property(TMDbHelper.Instance),instance: , ]$INFO[Window(Home).Property(TMDBHelper.Position),position: , ]$INFO[Window(Home).Property(Transition.WidgetStyle),transition_widget: , ]</label>
                    <textcolor>yellowgreen</textcolor>
                </include>
                <include content="Overlay_InfoLabel">
                    <label> -tmdbhelper.isupdating: $VAR[Overlay_InfoLabel_WidgetContainer,widget: , ]$INFO[Window(Home).Property(TMDBHelper.CurrentWindow),window: , ]$INFO[Window(Home).Property(TMDBHelper.IsUpdating),details: , ]$INFO[Window(Home).Property(TMDBHelper.IsUpdatingRatings),ratings: , ]</label>
                    <textcolor>yellowgreen</textcolor>
                </include>
                <include content="Overlay_InfoLabel" condition="Skin.HasSetting(debuginfo.timers)">
                    <height>160</height>
                    <label> -timeridle: $INFO[Skin.TimerElapsedSecs(idle_spotlight_trailer)][CR] -timerplay: $INFO[Skin.TimerElapsedSecs(play_spotlight_trailer)][CR]AT_Title: $INFO[Window(Home).Property(AutoTrailerTitle)][CR]PT_Title: $INFO[Window(Home).Property(PlayTrailerTitle)]</label>
                    <textcolor>yellowgreen</textcolor>
                    <visible>!Skin.TimerIsRunning(idle_spotlight_trailer)</visible>
                    <visible>Skin.HasSetting(Trailers.EnableAutoPlayback)</visible>
                </include>
                <include content="Overlay_InfoLabel" condition="Skin.HasSetting(debuginfo.timers)">
                    <height>160</height>
                    <label> -timeridle: $INFO[Skin.TimerElapsedSecs(idle_spotlight_trailer)][CR] -timerplay: $INFO[Skin.TimerElapsedSecs(play_spotlight_trailer)][CR]AT_Title: $INFO[Window(Home).Property(AutoTrailerTitle)][CR]PT_Title: $INFO[Window(Home).Property(PlayTrailerTitle)]</label>
                    <textcolor>magenta</textcolor>
                    <visible>Skin.TimerIsRunning(idle_spotlight_trailer)</visible>
                    <visible>Skin.HasSetting(Trailers.EnableAutoPlayback)</visible>
                </include>
            </control>
            <control type="grouplist">
                <align>bottom</align>
                <orientation>vertical</orientation>
                <include content="Overlay_InfoLabel">
                    <label> -content.dbtype:$INFO[Container.Content, container: , |]$INFO[ListItem.DBType, listitem: ,]$INFO[ListItem.Property(tmdb_type), (,)]$INFO[Window(Home).Property(TMDbHelper.ListItem.base_dbtype), | TMDbHelper: , ]$INFO[Window(Home).Property(TMDbHelper.ListItem.Monitor.TMDb_Type),(,)]$INFO[Container(55).ListItem.Property(param.info)]</label>
                    <textcolor>cyan</textcolor>
                </include>
                <include content="Overlay_InfoLabel">
                    <label> -container.folderpath: $INFO[Container.FolderPath] </label>
                    <textcolor>magenta</textcolor>
                </include>
                <include content="Overlay_InfoLabel">
                    <label> -listitem.folderpath: $INFO[ListItem.FolderPath] </label>
                    <textcolor>blueviolet</textcolor>
                </include>
            </control>
        </control>
    </include>
</includes>