<?xml version="1.0" encoding="UTF-8"?>
<includes>

    <!-- 1620 x 1080 -->

    <constant name="flixart_size_w">960</constant>
    <constant name="flixart_size_h">540</constant>
    <constant name="alphabet_w">49.63</constant>
    <constant name="view_wrap_r">0</constant>
    <constant name="dialog_preview_w">580</constant>

    <constant name="view_board_movement">1</constant>
    <constant name="view_landscape_movement">2</constant>
    <constant name="view_card_movement">2</constant>
    <constant name="view_poster_movement">4</constant>
    <constant name="view_apps_movement">3</constant>

    <constant name="view_settings_itemlayout_w">375</constant>
    <constant name="-view_settings_itemlayout_w">-375</constant>
    <constant name="view_settings_item_w">335</constant>
    <constant name="-view_settings_item_w">-335</constant>

    <constant name="view_listwall_itemlayout_w">710</constant>
    <constant name="-view_listwall_itemlayout_w">-710</constant>

    <!-- AddonBrowser uses single pane due to reduced width -->
    <constant name="view_addonbrowser_itemlayout_w">1000.4</constant>
    <constant name="-view_addonbrowser_itemlayout_w">-1000.4</constant>
    <constant name="view_addonbrowser_item_w">780</constant>
    <constant name="-view_addonbrowser_item_w">-780</constant>

</includes>