<?xml version="1.0" encoding="UTF-8"?>
<window id="11">
    <defaultcontrol always="true">8</defaultcontrol>
    <controls>

        <include content="Background_Main">
            <param name="plain_background">true</param>
        </include>

        <control type="mover" id="8">
            <description>top left mover</description>
            <left>0</left>
            <top>0</top>
            <width>128</width>
            <height>128</height>
            <texturefocus colordiffuse="$VAR[ColorHighlight]">calibrate/cal_tl.png</texturefocus>
            <texturenofocus colordiffuse="main_fg_100">calibrate/cal_tl.png</texturenofocus>
            <movingspeed acceleration="180" maxvelocity="300" resettimeout="200" delta="1">
                <eventconfig type="up" />
                <eventconfig type="down" />
                <eventconfig type="left" />
                <eventconfig type="right" />
            </movingspeed>
        </control>

        <control type="mover" id="9">
            <description>right bottom mover</description>
            <left>700</left>
            <top>500</top>
            <width>128</width>
            <height>128</height>
            <texturefocus colordiffuse="$VAR[ColorHighlight]">calibrate/cal_br.png</texturefocus>
            <texturenofocus colordiffuse="main_fg_100">calibrate/cal_br.png</texturenofocus>
            <movingspeed acceleration="180" maxvelocity="300" resettimeout="200" delta="1">
                <eventconfig type="up" />
                <eventconfig type="down" />
                <eventconfig type="left" />
                <eventconfig type="right" />
            </movingspeed>
        </control>

        <control type="resize" id="11">
            <description>pixel aspect ratio</description>
            <left>0</left>
            <top>390</top>
            <width>500</width>
            <height>500</height>
            <texturefocus colordiffuse="$VAR[ColorHighlight]">calibrate/cal_ratio.png</texturefocus>
            <texturenofocus colordiffuse="main_fg_100">calibrate/cal_ratio.png</texturenofocus>
            <movingspeed acceleration="140" maxvelocity="300" resettimeout="180" delta="1">
                <eventconfig type="left" />
                <eventconfig type="right" />
            </movingspeed>
        </control>
        <control type="mover" id="10">
            <description>subtitle position mover</description>
            <left>200</left>
            <top>500</top>
            <width>380</width>
            <height>90</height>
            <!-- NOTE: The image must have 40px of trasparent on top and bottom the bar -->
            <texturefocus colordiffuse="$VAR[ColorHighlight]">calibrate/cal_sub.png</texturefocus>
            <texturenofocus colordiffuse="main_fg_100">calibrate/cal_sub.png</texturenofocus>
            <movingspeed acceleration="180" maxvelocity="300" resettimeout="200" delta="1">
                <eventconfig type="up" />
                <eventconfig type="down" />
            </movingspeed>
        </control>

        <control type="mover" id="12">
            <description>reset calibration</description>
            <left>0</left>
            <top>900</top>
            <width>100</width>
            <height>100</height>
            <texturefocus colordiffuse="$VAR[ColorHighlight]">calibrate/reset.png</texturefocus>
            <texturenofocus colordiffuse="main_fg_100">calibrate/reset.png</texturenofocus>
        </control>

        <control type="group">
            <top>view_pad</top>
            <bottom>view_top</bottom>
            <control type="label">
                <description>window title</description>
                <height>40</height>
                <align>center</align>
                <label>$LOCALIZE[214]</label>
                <font>font_head_bold</font>
                <textcolor>main_fg_100</textcolor>
            </control>
            <control type="label" id="2">
                <description>resolution info</description>
                <top>40</top>
                <height>40</height>
                <align>center</align>
                <font>font_main</font>
            </control>

            <control type="label" id="3">
                <description>control description and help</description>
                <top>120</top>
                <height>40</height>
                <align>center</align>
                <font>font_main</font>
                <textcolor>main_fg_90</textcolor>
            </control>

            <control type="label" id="4">
                <description>calibration value</description>
                <bottom>0</bottom>
                <height>40</height>
                <align>center</align>
                <font>font_main</font>
            </control>
        </control>



    </controls>

</window>