<contents>
    <value name="endrow_widget_id">$MATH[{grouplist_item_x} * 1000 + 600 + {enum_x}]</value>
    <value name="parts_visible">[!Integer.IsEqual(Container({endrow_widget_id}).NumItems,0) | Container({endrow_widget_id}).IsUpdating] + [{widget_category_visible}]</value>
    <rules name="endrow_widget_include">
        <rule>
            <condition>{item_widget_style}==Landscape</condition>
            <value>List_Landscape_Row</value>
        </rule>
        <rule>
            <condition>{item_widget_style}==Poster</condition>
            <value>List_Poster_Row</value>
        </rule>
        <rule>
            <condition>{item_widget_style}==Square</condition>
            <value>List_Square_Row</value>
        </rule>
        <rule>
            <condition>{item_widget_style}==Circle</condition>
            <value>List_Circle_Row</value>
        </rule>
        <rule>
            <condition>{item_widget_style}==Card</condition>
            <value>List_Card_Row</value>
        </rule>
        <rule>
            <condition>{item_widget_style}==Board</condition>
            <value>List_Board_Row</value>
        </rule>
        <rule>
            <condition>{item_widget_style}==Placard</condition>
            <value>List_Placard_Row</value>
        </rule>
        <rule>
            <condition>{item_widget_style}==Corflute</condition>
            <value>List_Corflute_Row</value>
        </rule>
        <rule>
            <condition>{item_widget_style}==Overview</condition>
            <value>List_Overview_Row</value>
        </rule>
        <rule>
            <condition>{item_widget_style}==Signpost</condition>
            <value>List_Signpost_Row</value>
        </rule>
        <rule>
            <condition>{item_widget_style}==Banner</condition>
            <value>List_Banner_Row</value>
        </rule>

        <!-- Always convert small widgets -->
        <rule>
            <condition>{item_widget_style}==Apps</condition>
            <value>List_Landscape_Row</value>
        </rule>
        <rule>
            <condition>{item_widget_style}==Text</condition>
            <value>List_Overview_Row</value>
        </rule>
        <rule>
            <condition>{item_widget_style}==Icon</condition>
            <value>List_Square_Row</value>
        </rule>
        <rule>
            <condition>{item_widget_style}==Sign</condition>
            <value>List_Board_Row</value>
        </rule>
        <rule>
            <condition>{item_widget_style}==Ring</condition>
            <value>List_Circle_Row</value>
        </rule>
        <rule>
            <condition>{parent_item_widget_style}==Landscape</condition>
            <value>List_Landscape_Row</value>
        </rule>
        <rule>
            <condition>{parent_item_widget_style}==Poster</condition>
            <value>List_Poster_Row</value>
        </rule>
        <rule>
            <condition>{parent_item_widget_style}==Square</condition>
            <value>List_Square_Row</value>
        </rule>
        <rule>
            <condition>{parent_item_widget_style}==Circle</condition>
            <value>List_Circle_Row</value>
        </rule>
        <rule>
            <condition>{parent_item_widget_style}==Card</condition>
            <value>List_Card_Row</value>
        </rule>
        <rule>
            <condition>{parent_item_widget_style}==Board</condition>
            <value>List_Board_Row</value>
        </rule>
        <rule>
            <condition>{parent_item_widget_style}==Placard</condition>
            <value>List_Placard_Row</value>
        </rule>
        <rule>
            <condition>{parent_item_widget_style}==Corflute</condition>
            <value>List_Corflute_Row</value>
        </rule>
        <rule>
            <condition>{parent_item_widget_style}==Overview</condition>
            <value>List_Overview_Row</value>
        </rule>
        <rule>
            <condition>{parent_item_widget_style}==Signpost</condition>
            <value>List_Signpost_Row</value>
        </rule>
        <rule>
            <condition>{parent_item_widget_style}==Banner</condition>
            <value>List_Banner_Row</value>
        </rule>
        <rule>
            <condition>{parent_item_widget_style}==Apps</condition>
            <value>List_Landscape_Row</value>
        </rule>
        <rule>
            <condition>{parent_item_widget_style}==Text</condition>
            <value>List_Overview_Row</value>
        </rule>
        <rule>
            <condition>{parent_item_widget_style}==Icon</condition>
            <value>List_Square_Row</value>
        </rule>
        <rule>
            <condition>{parent_item_widget_style}==Sign</condition>
            <value>List_Board_Row</value>
        </rule>
        <rule>
            <condition>{parent_item_widget_style}==Ring</condition>
            <value>List_Circle_Row</value>
        </rule>
        <rule>
            <condition>True</condition>
            <value>List_Landscape_Row</value>
        </rule>
    </rules>
</contents>