<contents>
    <rules name="parts_onclick">
        <rule>
            <condition>{item_path}==Custom_Menu</condition>
            <value>
                <![CDATA[
                <onclick condition="Control.HasFocus(303)">ClearProperty(Target,1163)</onclick>
                <onclick condition="Control.HasFocus(303)">ClearProperty(Path,1163)</onclick>
                <onclick condition="Control.HasFocus(303)">SetProperty(GUID,{item_guid},1163)</onclick>
                <onclick condition="Control.HasFocus(303)">SetProperty(Header,{item_label},1163)</onclick>
                <onclick condition="Control.HasFocus(303)">SetProperty(Icon,{item_icon},1163)</onclick>
                <onclick condition="Control.HasFocus(303)">SetProperty(Indicator,{item_icon},1163)</onclick>
                <onclick condition="Control.HasFocus(303)">SetProperty(Offset,$VAR[Action_HomeMenu_OnLeft_Offset],1163)</onclick>
                <onclick condition="Control.HasFocus(303)">SetProperty(Position,$INFO[Container(303).Position],1163)</onclick>
                <onclick condition="Control.HasFocus(303)">SetProperty(Position.0.Label,$INFO[Container(303).ListItemPosition(0).Label],1163)</onclick>
                <onclick condition="Control.HasFocus(303)">SetProperty(Position.1.Label,$INFO[Container(303).ListItemPosition(1).Label],1163)</onclick>
                <onclick condition="Control.HasFocus(303)">SetProperty(Position.2.Label,$INFO[Container(303).ListItemPosition(2).Label],1163)</onclick>
                <onclick condition="Control.HasFocus(303)">SetProperty(Position.3.Label,$INFO[Container(303).ListItemPosition(3).Label],1163)</onclick>
                <onclick condition="Control.HasFocus(303)">SetProperty(Position.4.Label,$INFO[Container(303).ListItemPosition(4).Label],1163)</onclick>
                <onclick condition="Control.HasFocus(303)">ActivateWindow(1163)</onclick>

                <onclick condition="!Control.HasFocus(303)">ClearProperty(CustomDialog1162.Expanded,Home)</onclick>
                <onclick condition="!Control.HasFocus(303)">ClearProperty(Target,1162)</onclick>
                <onclick condition="!Control.HasFocus(303)">SetProperty(Path,plugin://script.skinvariables/?info=get_shortcuts_node&amp;menu=sidemenu-customnode-{item_guid}$VAR[Path_SkinVariables_SkinFolder,&amp;skin=,],1162)</onclick>
                <onclick condition="!Control.HasFocus(303)">SetProperty(Header,{item_label},1162)</onclick>
                <onclick condition="!Control.HasFocus(303)">SetProperty(Icon,{item_icon},1162)</onclick>
                <onclick condition="!Control.HasFocus(303)">ActivateWindow(1162)</onclick>
                ]]>
            </value>
        </rule>
        <rule>
            <condition>{item_menu}!&lt;-customnode-</condition>
            <condition>{item_target}!=</condition>
            <condition>{item_path_opendialog}!=</condition>
            <condition>{item_path_opendialog_expanded}!=</condition>
			<condition>{item_path_opendialog_plotbox}!=</condition>
            <condition>{item_path}!=</condition>
            <value>
                <![CDATA[
                <onclick>SetProperty(CustomDialog1162.Expanded,plotbox,Home)</onclick>
                <onclick>SetProperty(Target,{item_target},1162)</onclick>
                <onclick>SetProperty(Path,{item_path},1162)</onclick>
                <onclick>SetProperty(Header,{item_label},1162)</onclick>
                <onclick>ActivateWindow(1162)</onclick>
                ]]>
            </value>
        </rule>
        <rule>
            <condition>{item_menu}!&lt;-customnode-</condition>
            <condition>{item_target}!=</condition>
            <condition>{item_path_opendialog}!=</condition>
            <condition>{item_path_opendialog_expanded}!=</condition>
            <condition>{item_path}!=</condition>
            <value>
                <![CDATA[
                <onclick>SetProperty(CustomDialog1162.Expanded,artwork,Home)</onclick>
                <onclick>SetProperty(Target,{item_target},1162)</onclick>
                <onclick>SetProperty(Path,{item_path},1162)</onclick>
                <onclick>SetProperty(Header,{item_label},1162)</onclick>
                <onclick>ActivateWindow(1162)</onclick>
                ]]>
            </value>
        </rule>
        <rule>
            <condition>{item_menu}!&lt;-customnode-</condition>
            <condition>{item_target}!=</condition>
            <condition>{item_path_opendialog}!=</condition>
            <condition>{item_path}!=</condition>
            <value>
                <![CDATA[
                <onclick>ClearProperty(CustomDialog1162.Expanded,Home)</onclick>
                <onclick>SetProperty(Target,{item_target},1162)</onclick>
                <onclick>SetProperty(Path,{item_path},1162)</onclick>
                <onclick>SetProperty(Header,{item_label},1162)</onclick>
                <onclick>ActivateWindow(1162)</onclick>
                ]]>
            </value>
        </rule>
        <rule>
            <condition>{item_target}!=</condition>
            <value>
                <![CDATA[
                <onclick>ActivateWindow({item_target},{item_path},return)</onclick>
                ]]>
            </value>
        </rule>
        <rule>
            <condition>{item_path}==RebootToAndroid</condition>
            <value>
                <![CDATA[
                <onclick>System.ExecWait("/usr/sbin/rebootfromnand")</onclick>
                <onclick>Reboot()</onclick>
                ]]>
            </value>
        </rule>
        <rule>
            <condition>{item_path}==ActivateWindow(1101)</condition>
            <value>
                <![CDATA[
                <onclick>SetProperty(Hub.ResetDefaultControl,True,1101)</onclick>
                <onclick>SetProperty(Hub.Header,{item_label},1101)</onclick>
                <onclick>{item_path}</onclick>
                ]]>
            </value>
        </rule>
        <rule>
            <condition>{item_path}==ActivateWindow(1102)</condition>
            <value>
                <![CDATA[
                <onclick>SetProperty(Hub.ResetDefaultControl,True,1102)</onclick>
                <onclick>SetProperty(Hub.Header,{item_label},1102)</onclick>
                <onclick>{item_path}</onclick>
                ]]>
            </value>
        </rule>
        <rule>
            <condition>{item_path}==ActivateWindow(1103)</condition>
            <value>
                <![CDATA[
                <onclick>SetProperty(Hub.ResetDefaultControl,True,1103)</onclick>
                <onclick>SetProperty(Hub.Header,{item_label},1103)</onclick>
                <onclick>{item_path}</onclick>
                ]]>
            </value>
        </rule>
        <rule>
            <condition>{item_path}==ActivateWindow(1104)</condition>
            <value>
                <![CDATA[
                <onclick>SetProperty(Hub.ResetDefaultControl,True,1104)</onclick>
                <onclick>SetProperty(Hub.Header,{item_label},1104)</onclick>
                <onclick>{item_path}</onclick>
                ]]>
            </value>
        </rule>
        <rule>
            <condition>{item_path}==ActivateWindow(1106)</condition>
            <value>
                <![CDATA[
                <onclick>SetProperty(Hub.ResetDefaultControl,True,1106)</onclick>
                <onclick>SetProperty(Hub.Header,{item_label},1106)</onclick>
                <onclick>{item_path}</onclick>
                ]]>
            </value>
        </rule>
        <rule>
            <condition>{item_path}==ActivateWindow(1107)</condition>
            <value>
                <![CDATA[
                <onclick>SetProperty(Hub.ResetDefaultControl,True,1107)</onclick>
                <onclick>SetProperty(Hub.Header,{item_label},1107)</onclick>
                <onclick>{item_path}</onclick>
                ]]>
            </value>
        </rule>
        <rule>
            <condition>{item_path}==ActivateWindow(1108)</condition>
            <value>
                <![CDATA[
                <onclick>SetProperty(Hub.ResetDefaultControl,True,1108)</onclick>
                <onclick>SetProperty(Hub.Header,{item_label},1108)</onclick>
                <onclick>{item_path}</onclick>
                ]]>
            </value>
        </rule>
        <rule>
            <condition>{item_path}==ActivateWindow(1109)</condition>
            <value>
                <![CDATA[
                <onclick>SetProperty(Hub.ResetDefaultControl,True,1109)</onclick>
                <onclick>SetProperty(Hub.Header,{item_label},1109)</onclick>
                <onclick>{item_path}</onclick>
                ]]>
            </value>
        </rule>
		<rule>
            <condition>{item_path}==ActivateWindow(1110)</condition>
            <value>
                <![CDATA[
                <onclick>SetProperty(Hub.ResetDefaultControl,True,1110)</onclick>
                <onclick>SetProperty(Hub.Header,{item_label},1110)</onclick>
                <onclick>{item_path}</onclick>
                ]]>
            </value>
        </rule>
		<rule>
            <condition>{item_path}==ActivateWindow(1112)</condition>
            <value>
                <![CDATA[
                <onclick>SetProperty(Hub.ResetDefaultControl,True,1112)</onclick>
                <onclick>SetProperty(Hub.Header,{item_label},1112)</onclick>
                <onclick>{item_path}</onclick>
                ]]>
            </value>
        </rule>
		<rule>
            <condition>{item_path}==ActivateWindow(1114)</condition>
            <value>
                <![CDATA[
                <onclick>SetProperty(Hub.ResetDefaultControl,True,1114)</onclick>
                <onclick>SetProperty(Hub.Header,{item_label},1114)</onclick>
                <onclick>{item_path}</onclick>
                ]]>
            </value>
        </rule>
		<rule>
            <condition>{item_path}==ActivateWindow(1125)</condition>
            <value>
                <![CDATA[
                <onclick>SetProperty(Hub.ResetDefaultControl,True,1125)</onclick>
                <onclick>SetProperty(Hub.Header,{item_label},1125)</onclick>
                <onclick>{item_path}</onclick>
                ]]>
            </value>
        </rule>
		<rule>
            <condition>{item_path}==ActivateWindow(1126)</condition>
            <value>
                <![CDATA[
                <onclick>SetProperty(Hub.ResetDefaultControl,True,1126)</onclick>
                <onclick>SetProperty(Hub.Header,{item_label},1126)</onclick>
                <onclick>{item_path}</onclick>
                ]]>
            </value>
        </rule>
		<rule>
            <condition>{item_path}==ActivateWindow(1127)</condition>
            <value>
                <![CDATA[
                <onclick>SetProperty(Hub.ResetDefaultControl,True,1127)</onclick>
                <onclick>SetProperty(Hub.Header,{item_label},1127)</onclick>
                <onclick>{item_path}</onclick>
                ]]>
            </value>
        </rule>
        <rule>
            <condition>{item_path}==ActivateWindow(Home)</condition>
            <value>
                <![CDATA[
                <onclick>{item_path}</onclick>
                ]]>
            </value>
        </rule>
        <rule>
            <condition>True</condition>
            <value>
                <![CDATA[
                <onclick>{item_path}</onclick>
                ]]>
            </value>
        </rule>
    </rules>
</contents>