<contents>
    <rules name="widget_path">
        <rule>
            <condition>{item_path}==DefaultSearch-MovieActors</condition>
            <value>plugin://script.skinvariables/?info=get_filter_dir&amp;amp;filter_key=title&amp;amp;filter_value=</value>
        </rule>
        <rule>
            <condition>{item_path}==DefaultSearch-TVShowActors</condition>
            <value>plugin://script.skinvariables/?info=get_filter_dir&amp;amp;filter_key=title&amp;amp;filter_value=</value>
        </rule>
        <rule>
            <condition>{item_path}==DefaultSearch-MovieDirectors</condition>
            <value>plugin://script.skinvariables/?info=get_filter_dir&amp;amp;filter_key=title&amp;amp;filter_value=</value>
        </rule>
        <rule>
            <condition>{item_path}==DefaultSearch-Movies</condition>
            <value>videodb://movies/titles/?xsp=%7B%22order%22%3A%7B%22direction%22%3A%22ascending%22%2C%22ignorefolders%22%3A0%2C%22method%22%3A%22sorttitle%22%7D%2C%22rules%22%3A%7B%22and%22%3A%5B%7B%22field%22%3A%22title%22%2C%22operator%22%3A%22contains%22%2C%22value%22%3A%5B%22</value>
        </rule>
        <rule>
            <condition>{item_path}==DefaultSearch-TvShows</condition>
            <value>videodb://tvshows/titles/?xsp=%7B%22order%22%3A%7B%22direction%22%3A%22ascending%22%2C%22ignorefolders%22%3A0%2C%22method%22%3A%22sorttitle%22%7D%2C%22rules%22%3A%7B%22and%22%3A%5B%7B%22field%22%3A%22title%22%2C%22operator%22%3A%22contains%22%2C%22value%22%3A%5B%22</value>
        </rule>
        <rule>
            <condition>{item_path}==DefaultSearch-Episodes</condition>
            <value>videodb://tvshows/titles/-1/-1/-1/-1/?xsp=%7B%22order%22%3A%7B%22direction%22%3A%22ascending%22%2C%22ignorefolders%22%3A0%2C%22method%22%3A%22sorttitle%22%7D%2C%22rules%22%3A%7B%22and%22%3A%5B%7B%22field%22%3A%22title%22%2C%22operator%22%3A%22contains%22%2C%22value%22%3A%5B%22</value>
        </rule>
        <rule>
            <condition>{item_path}==DefaultSearch-Tags</condition>
            <value>videodb://movies/titles/?xsp=%7B%22order%22%3A%7B%22direction%22%3A%22ascending%22%2C%22ignorefolders%22%3A0%2C%22method%22%3A%22sorttitle%22%7D%2C%22rules%22%3A%7B%22and%22%3A%5B%7B%22field%22%3A%22tag%22%2C%22operator%22%3A%22contains%22%2C%22value%22%3A%5B%22</value>
        </rule>
        <rule>
            <condition>{item_path}==DefaultSearch-Genres</condition>
            <value>videodb://movies/titles/?xsp=%7B%22order%22%3A%7B%22direction%22%3A%22ascending%22%2C%22ignorefolders%22%3A0%2C%22method%22%3A%22sorttitle%22%7D%2C%22rules%22%3A%7B%22and%22%3A%5B%7B%22field%22%3A%22genre%22%2C%22operator%22%3A%22contains%22%2C%22value%22%3A%5B%22</value>
        </rule>
        <rule>
            <condition>{item_path}==DefaultSearch-Year</condition>
            <value>videodb://movies/titles/?xsp=%7B%22order%22%3A%7B%22direction%22%3A%22ascending%22%2C%22ignorefolders%22%3A0%2C%22method%22%3A%22sorttitle%22%7D%2C%22rules%22%3A%7B%22and%22%3A%5B%7B%22field%22%3A%22year%22%2C%22operator%22%3A%22contains%22%2C%22value%22%3A%5B%22</value>
        </rule>
        <rule>
            <condition>{item_path}==DefaultSearch-Studio</condition>
            <value>videodb://movies/titles/?xsp=%7B%22order%22%3A%7B%22direction%22%3A%22ascending%22%2C%22ignorefolders%22%3A0%2C%22method%22%3A%22sorttitle%22%7D%2C%22rules%22%3A%7B%22and%22%3A%5B%7B%22field%22%3A%22studio%22%2C%22operator%22%3A%22contains%22%2C%22value%22%3A%5B%22</value>
        </rule>
        <rule>
            <condition>{item_path}==DefaultSearch-Country</condition>
            <value>videodb://movies/titles/?xsp=%7B%22order%22%3A%7B%22direction%22%3A%22ascending%22%2C%22ignorefolders%22%3A0%2C%22method%22%3A%22sorttitle%22%7D%2C%22rules%22%3A%7B%22and%22%3A%5B%7B%22field%22%3A%22country%22%2C%22operator%22%3A%22is%22%2C%22value%22%3A%5B%22</value>
        </rule>
        <rule>
            <condition>{item_path}==DefaultSearch-Actor</condition>
            <value>videodb://movies/titles/?xsp=%7B%22order%22%3A%7B%22direction%22%3A%22ascending%22%2C%22ignorefolders%22%3A0%2C%22method%22%3A%22sorttitle%22%7D%2C%22rules%22%3A%7B%22and%22%3A%5B%7B%22field%22%3A%22actor%22%2C%22operator%22%3A%22contains%22%2C%22value%22%3A%5B%22</value>
        </rule>
        <rule>
            <condition>{item_path}==DefaultSearch-Director</condition>
            <value>videodb://movies/titles/?xsp=%7B%22order%22%3A%7B%22direction%22%3A%22ascending%22%2C%22ignorefolders%22%3A0%2C%22method%22%3A%22sorttitle%22%7D%2C%22rules%22%3A%7B%22and%22%3A%5B%7B%22field%22%3A%22director%22%2C%22operator%22%3A%22contains%22%2C%22value%22%3A%5B%22</value>
        </rule>
        <rule>
            <condition>{item_path}==DefaultSearch-Albums</condition>
            <value>musicdb://albums/?xsp=%7B%22order%22%3A%7B%22direction%22%3A%22ascending%22%2C%22ignorefolders%22%3A0%2C%22method%22%3A%22sorttitle%22%7D%2C%22rules%22%3A%7B%22and%22%3A%5B%7B%22field%22%3A%22album%22%2C%22operator%22%3A%22contains%22%2C%22value%22%3A%5B%22</value>
        </rule>
        <rule>
            <condition>{item_path}==DefaultSearch-Artists</condition>
            <value>musicdb://artists/?xsp=%7B%22order%22%3A%7B%22direction%22%3A%22ascending%22%2C%22ignorefolders%22%3A0%2C%22method%22%3A%22sorttitle%22%7D%2C%22rules%22%3A%7B%22and%22%3A%5B%7B%22field%22%3A%22artist%22%2C%22operator%22%3A%22contains%22%2C%22value%22%3A%5B%22</value>
        </rule>
        <rule>
            <condition>{item_path}==DefaultSearch-Songs</condition>
            <value>musicdb://songs/?xsp=%7B%22order%22%3A%7B%22direction%22%3A%22ascending%22%2C%22ignorefolders%22%3A0%2C%22method%22%3A%22sorttitle%22%7D%2C%22rules%22%3A%7B%22and%22%3A%5B%7B%22field%22%3A%22title%22%2C%22operator%22%3A%22contains%22%2C%22value%22%3A%5B%22</value>
        </rule>
        <rule>
            <condition>{item_path}==DefaultSearch-MusicVideos</condition>
            <value>videodb://musicvideos/titles/?xsp=%7b%22order%22%3a%7b%22direction%22%3a%22ascending%22%2c%22ignorefolders%22%3a0%2c%22method%22%3a%22sorttitle%22%7d%2c%22rules%22%3a%7b%22and%22%3a%5b%7b%22field%22%3a%22title%22%2c%22operator%22%3a%22contains%22%2c%22value%22%3a%5b%22</value>
        </rule>
        <rule>
            <condition>{item_path}==DefaultSearch-MusicVideoArtists</condition>
            <value>videodb://musicvideos/titles/?xsp=%7b%22order%22%3a%7b%22direction%22%3a%22ascending%22%2c%22ignorefolders%22%3a0%2c%22method%22%3a%22sorttitle%22%7d%2c%22rules%22%3a%7b%22and%22%3a%5b%7b%22field%22%3a%22artist%22%2c%22operator%22%3a%22contains%22%2c%22value%22%3a%5b%22</value>
        </rule>
        <rule>
            <condition>{item_path}==DefaultSearch-Youtube</condition>
            <value>plugin://plugin.video.youtube/search/?q=</value>
        </rule>
        <rule>
            <condition>{item_path}==DefaultSearch-Netflix</condition>
            <value>plugin://plugin.video.netflix/directory/search/search/?query=</value>
        </rule>
        <rule>
            <condition>{item_path}==DefaultSearch-Hulu</condition>
            <value>plugin://slyguy.hulu/?_=search&amp;amp;query=</value>
        </rule>
        <rule>
            <condition>{item_path}==DefaultSearch-DisneyPlus</condition>
            <value>plugin://slyguy.disney.plus/?_=search&amp;amp;query=</value>
        </rule>
        <rule>
            <condition>{item_path}==DefaultSearch-Addons</condition>
            <value>addons://search/</value>
        </rule>
        <rule>
            <condition>{item_path}==DefaultSearch-SpotifyArtists</condition>
            <value>plugin://plugin.audio.spotify/?action=search_artists&amp;amp;artistid=</value>
        </rule>
        <rule>
            <condition>{item_path}==DefaultSearch-SpotifyAlbums</condition>
            <value>plugin://plugin.audio.spotify/?action=search_albums&amp;amp;albumid=</value>
        </rule>
        <rule>
            <condition>{item_path}==DefaultSearch-SpotifySongs</condition>
            <value>plugin://plugin.audio.spotify/?action=search_tracks&amp;amp;trackid=</value>
        </rule>
        <rule>
            <condition>{item_path}==DefaultSearch-SpotifyPlaylists</condition>
            <value>plugin://plugin.audio.spotify/?action=search_playlists&amp;amp;playlistid=</value>
        </rule>
        <rule>
            <condition>{item_path}==DefaultSearch-TMDBMovies</condition>
            <value>plugin://plugin.video.themoviedb.helper?info=search&amp;amp;tmdb_type=movie&amp;amp;query=</value>
        </rule>
        <rule>
            <condition>{item_path}==DefaultSearch-TMDBShows</condition>
            <value>plugin://plugin.video.themoviedb.helper?info=search&amp;amp;tmdb_type=tv&amp;amp;query=</value>
        </rule>
        <rule>
            <condition>{item_path}==DefaultSearch-TMDBSets</condition>
            <value>plugin://plugin.video.themoviedb.helper?info=search&amp;amp;tmdb_type=collection&amp;amp;query=</value>
        </rule>
        <rule>
            <condition>{item_path}==DefaultSearch-TMDBPeople</condition>
            <value>plugin://plugin.video.themoviedb.helper?info=search&amp;amp;tmdb_type=person&amp;amp;query=</value>
        </rule>
        <rule>
            <condition>{item_path}==DefaultSearch-TMDBListsTrakt</condition>
            <value>plugin://plugin.video.themoviedb.helper?info=trakt_searchlists&amp;amp;tmdb_type=both&amp;amp;query=</value>
        </rule>
        <rule>
            <condition>{item_path}==DefaultSearch-TMDBListsMDBList</condition>
            <value>plugin://plugin.video.themoviedb.helper?info=mdblist_searchlists&amp;amp;tmdb_type=both&amp;amp;query=</value>
        </rule>
        <rule>
            <condition>{item_path}==DefaultSearch-RadioDE</condition>
            <value>plugin://plugin.audio.radio_de/stations/search/</value>
        </rule>
        <rule>
            <condition>True</condition>
            <value>{item_path}</value>
        </rule>
    </rules>
    <rules name="widget_path_end">
        <rule>
            <condition>{item_path}==DefaultSearch-MovieActors</condition>
            <value>&amp;amp;&amp;amp;videodb://movies/actors</value>
        </rule>
        <rule>
            <condition>{item_path}==DefaultSearch-TVShowActors</condition>
            <value>&amp;amp;&amp;amp;videodb://tvshows/actors</value>
        </rule>
        <rule>
            <condition>{item_path}==DefaultSearch-MovieDirectors</condition>
            <value>&amp;amp;&amp;amp;videodb://movies/directors</value>
        </rule>
        <rule>
            <condition>{item_path}==DefaultSearch-Movies</condition>
            <value>%22%5D%7D%5D%7D%2C%22type%22%3A%22movies%22%7D</value>
        </rule>
        <rule>
            <condition>{item_path}==DefaultSearch-TvShows</condition>
            <value>%22%5D%7D%5D%7D%2C%22type%22%3A%22tvshows%22%7D</value>
        </rule>
        <rule>
            <condition>{item_path}==DefaultSearch-Episodes</condition>
            <value>%22%5D%7D%5D%7D%2C%22type%22%3A%22episodes%22%7D</value>
        </rule>
        <rule>
            <condition>{item_path}==DefaultSearch-Tags</condition>
            <value>%22%5D%7D%5D%7D%2C%22type%22%3A%22movies%22%7D</value>
        </rule>
        <rule>
            <condition>{item_path}==DefaultSearch-Genres</condition>
            <value>%22%5D%7D%5D%7D%2C%22type%22%3A%22movies%22%7D</value>
        </rule>
        <rule>
            <condition>{item_path}==DefaultSearch-Year</condition>
            <value>%22%5D%7D%5D%7D%2C%22type%22%3A%22movies%22%7D</value>
        </rule>
        <rule>
            <condition>{item_path}==DefaultSearch-Studio</condition>
            <value>%22%5D%7D%5D%7D%2C%22type%22%3A%22movies%22%7D</value>
        </rule>
        <rule>
            <condition>{item_path}==DefaultSearch-Country</condition>
            <value>%22%5D%7D%5D%7D%2C%22type%22%3A%22movies%22%7D</value>
        </rule>
        <rule>
            <condition>{item_path}==DefaultSearch-Actor</condition>
            <value>%22%5D%7D%5D%7D%2C%22type%22%3A%22movies%22%7D</value>
        </rule>
        <rule>
            <condition>{item_path}==DefaultSearch-Director</condition>
            <value>%22%5D%7D%5D%7D%2C%22type%22%3A%22movies%22%7D</value>
        </rule>
        <rule>
            <condition>{item_path}==DefaultSearch-Albums</condition>
            <value>%22%5D%7D%5D%7D%2C%22type%22%3A%22albums%22%7D</value>
        </rule>
        <rule>
            <condition>{item_path}==DefaultSearch-Artists</condition>
            <value>%22%5D%7D%5D%7D%2C%22type%22%3A%22artists%22%7D</value>
        </rule>
        <rule>
            <condition>{item_path}==DefaultSearch-Songs</condition>
            <value>%22%5D%7D%5D%7D%2C%22type%22%3A%22songs%22%7D</value>
        </rule>
        <rule>
            <condition>{item_path}==DefaultSearch-MusicVideos</condition>
            <value>%22%5d%7d%5d%7d%2c%22type%22%3a%22musicvideos%22%7d</value>
        </rule>
        <rule>
            <condition>{item_path}==DefaultSearch-MusicVideoArtists</condition>
            <value>%22%5d%7d%5d%7d%2c%22type%22%3a%22musicvideos%22%7d</value>
        </rule>
        <rule>
            <condition>{item_path}==DefaultSearch-Youtube</condition>
            <value>&amp;amp;search_type=notvalid</value>
        </rule>
        <rule>
            <condition>{item_path}==DefaultSearch-Netflix</condition>
            <value>/</value>
        </rule>
        <rule>
            <condition>{item_path}==DefaultSearch-Hulu</condition>
            <value>/</value>
        </rule>
        <rule>
            <condition>{item_path}==DefaultSearch-DisneyPlus</condition>
            <value>/</value>
        </rule>
        <rule>
            <condition>{item_path}==DefaultSearch-TMDBMovies</condition>
            <value>&amp;amp;nextpage=false&amp;amp;cacheonly=true</value>
        </rule>
        <rule>
            <condition>{item_path}==DefaultSearch-TMDBShows</condition>
            <value>&amp;amp;nextpage=false&amp;amp;cacheonly=true</value>
        </rule>
        <rule>
            <condition>{item_path}==DefaultSearch-TMDBSets</condition>
            <value>&amp;amp;nextpage=false&amp;amp;cacheonly=true</value>
        </rule>
        <rule>
            <condition>{item_path}==DefaultSearch-TMDBPeople</condition>
            <value>&amp;amp;nextpage=false&amp;amp;cacheonly=true</value>
        </rule>
        <rule>
            <condition>{item_path}==DefaultSearch-TMDBListsTrakt</condition>
            <value>&amp;amp;nextpage=false&amp;amp;cacheonly=true</value>
        </rule>
        <rule>
            <condition>{item_path}==DefaultSearch-TMDBListsMDBList</condition>
            <value>&amp;amp;nextpage=false&amp;amp;cacheonly=true</value>
        </rule>
        <rule>
            <condition>{item_path}==DefaultSearch-RadioDE</condition>
            <value>/1/</value>
        </rule>
        <rule>
            <condition>True</condition>
            <value></value>
        </rule>
    </rules>
    <rules name="widget_target">
        <rule>
            <condition>{item_path}==DefaultSearch-MovieActors</condition>
            <value>videos</value>
        </rule>
        <rule>
            <condition>{item_path}==DefaultSearch-TVShowActors</condition>
            <value>videos</value>
        </rule>
        <rule>
            <condition>{item_path}==DefaultSearch-MovieDirectors</condition>
            <value>videos</value>
        </rule>
        <rule>
            <condition>{item_path}==DefaultSearch-Movies</condition>
            <value>videos</value>
        </rule>
        <rule>
            <condition>{item_path}==DefaultSearch-TvShows</condition>
            <value>videos</value>
        </rule>
        <rule>
            <condition>{item_path}==DefaultSearch-Episodes</condition>
            <value>videos</value>
        </rule>
        <rule>
            <condition>{item_path}==DefaultSearch-Tags</condition>
            <value>videos</value>
        </rule>
        <rule>
            <condition>{item_path}==DefaultSearch-Genres</condition>
            <value>videos</value>
        </rule>
        <rule>
            <condition>{item_path}==DefaultSearch-Year</condition>
            <value>videos</value>
        </rule>
        <rule>
            <condition>{item_path}==DefaultSearch-Studio</condition>
            <value>videos</value>
        </rule>
        <rule>
            <condition>{item_path}==DefaultSearch-Country</condition>
            <value>videos</value>
        </rule>
        <rule>
            <condition>{item_path}==DefaultSearch-Actor</condition>
            <value>videos</value>
        </rule>
        <rule>
            <condition>{item_path}==DefaultSearch-Director</condition>
            <value>videos</value>
        </rule>
        <rule>
            <condition>{item_path}==DefaultSearch-Albums</condition>
            <value>music</value>
        </rule>
        <rule>
            <condition>{item_path}==DefaultSearch-Artists</condition>
            <value>music</value>
        </rule>
        <rule>
            <condition>{item_path}==DefaultSearch-Songs</condition>
            <value>music</value>
        </rule>
        <rule>
            <condition>{item_path}==DefaultSearch-MusicVideos</condition>
            <value>videos</value>
        </rule>
        <rule>
            <condition>{item_path}==DefaultSearch-MusicVideoArtists</condition>
            <value>videos</value>
        </rule>
        <rule>
            <condition>{item_path}==DefaultSearch-Youtube</condition>
            <value>videos</value>
        </rule>
        <rule>
            <condition>{item_path}==DefaultSearch-Netflix</condition>
            <value>videos</value>
        </rule>
        <rule>
            <condition>{item_path}==DefaultSearch-Hulu</condition>
            <value>videos</value>
        </rule>
        <rule>
            <condition>{item_path}==DefaultSearch-DisneyPlus</condition>
            <value>videos</value>
        </rule>
        <rule>
            <condition>{item_path}==DefaultSearch-Addons</condition>
            <value>addonbrowser</value>
        </rule>
        <rule>
            <condition>{item_path}==DefaultSearch-SpotifyArtists</condition>
            <value>music</value>
        </rule>
        <rule>
            <condition>{item_path}==DefaultSearch-SpotifyAlbums</condition>
            <value>music</value>
        </rule>
        <rule>
            <condition>{item_path}==DefaultSearch-SpotifySongs</condition>
            <value>music</value>
        </rule>
        <rule>
            <condition>{item_path}==DefaultSearch-SpotifyPlaylists</condition>
            <value>music</value>
        </rule>
        <rule>
            <condition>{item_path}==DefaultSearch-TMDBMovies</condition>
            <value>videos</value>
        </rule>
        <rule>
            <condition>{item_path}==DefaultSearch-TMDBShows</condition>
            <value>videos</value>
        </rule>
        <rule>
            <condition>{item_path}==DefaultSearch-TMDBSets</condition>
            <value>videos</value>
        </rule>
        <rule>
            <condition>{item_path}==DefaultSearch-TMDBPeople</condition>
            <value>videos</value>
        </rule>
        <rule>
            <condition>{item_path}==DefaultSearch-TMDBListsTrakt</condition>
            <value>videos</value>
        </rule>
        <rule>
            <condition>{item_path}==DefaultSearch-TMDBListsMDBList</condition>
            <value>videos</value>
        </rule>
        <rule>
            <condition>{item_path}==DefaultSearch-RadioDE</condition>
            <value>music</value>
        </rule>
        <rule>
            <condition>{item_target}!=</condition>
            <value>{item_target}</value>
        </rule>
        <rule>
            <condition>True</condition>
            <value>videos</value>
        </rule>
    </rules>
</contents>