{
    "prefix": "Exp_View",
    "viewtypes": {
        "50":   "31320",
        "51":   "31045",
        "52":   "20021",
        "56":   "31479",
        "516":  "31480",
        "517":  "31581",
        "500":  "31431",
        "502":  "31582",
        "512":  "31583",
        "522":  "31584",
        "524":  "31588",
        "542":  "31585",
        "552":  "31586",
        "572":  "31587",
        "530":  "20020",
        "531":  "31424",
        "532":  "31423",
        "533":  "31419",
        "540":  "31589",
        "545":  "31590",
        "585":  "31591",
        "555":  "31592",
        "565":  "31594",
        "570":  "31595",
        "580":  "31596"
    },
    "icons": {
        "50":   "special://skin/extras/viewtypes/square.jpg",
        "51":   "special://skin/extras/viewtypes/landscape.jpg",
        "52":   "special://skin/extras/viewtypes/poster.jpg",
        "56":   "special://skin/extras/viewtypes/list-media.jpg",
        "516":  "special://skin/extras/viewtypes/list-landscape.jpg",
        "517":  "special://skin/extras/viewtypes/list-bigposter.jpg",
        "500":  "special://skin/extras/viewtypes/circle.jpg",
        "502":  "special://skin/extras/viewtypes/combined-square.jpg",
        "512":  "special://skin/extras/viewtypes/combined-landscape.jpg",
        "522":  "special://skin/extras/viewtypes/combined-poster.jpg",
        "524":  "special://skin/extras/viewtypes/combined-list.jpg",
        "542":  "special://skin/extras/viewtypes/combined-circle.jpg",
        "552":  "special://skin/extras/viewtypes/combined-card.jpg",
        "572":  "special://skin/extras/viewtypes/combined-board.jpg",
        "530":  "special://skin/extras/viewtypes/banner.jpg",
        "531":  "special://skin/extras/viewtypes/board.jpg",
        "532":  "special://skin/extras/viewtypes/card.jpg",
        "533":  "special://skin/extras/viewtypes/overview.jpg",
        "540":  "special://skin/extras/viewtypes/wall-square.jpg",
        "545":  "special://skin/extras/viewtypes/wall-landscape.jpg",
        "585":  "special://skin/extras/viewtypes/wall-poster.jpg",
        "555":  "special://skin/extras/viewtypes/wall-circle.jpg",
        "565":  "special://skin/extras/viewtypes/wall-overview.jpg",
        "570":  "special://skin/extras/viewtypes/wall-board.jpg",
        "580":  "special://skin/extras/viewtypes/wall-banner.jpg"
    },
    "rules": {
        "images": {
            "rule": "Container.Content(images)",
            "viewtypes": ["50", "51", "52", "530", "532", "533", "531", "500", "540", "545", "585", "570", "580", "516", "517"],
            "library": "51",
            "plugins": "51"
        },
        "videos": {
            "rule": "Container.Content(videos)",
            "viewtypes": ["51", "530", "532", "533", "531", "500", "545", "570", "580", "516", "517"],
            "library": "51",
            "plugins": "51"
        },
        "movies": {
            "rule": "Container.Content(movies)",
            "viewtypes": ["51", "52", "530", "532", "533", "531", "56", "516", "517", "500", "545", "585", "555", "565", "570", "580"],
            "library": "52",
            "plugins": "52"
        },
        "sets": {
            "rule": "Container.Content(sets)",
            "viewtypes": ["51", "52", "530", "532", "533", "531", "56", "516", "517", "512", "522", "542", "552", "572", "524", "500", "545", "585", "555", "565", "570", "580"],
            "library": "512",
            "plugins": "512"
        },
        "tvshows": {
            "rule": "!String.IsEqual(Container.Property(param.info),episode_groups) + Container.Content(tvshows)",
            "viewtypes": ["51", "52", "530", "532", "533", "531", "56", "516", "517", "522", "542", "552", "572", "524", "500", "545", "585", "555", "565", "570", "580"],
            "library": "52",
            "plugins": "52"
        },
        "episode-groups-tvshows": {
            "rule": "String.IsEqual(Container.Property(param.info),episode_groups) + Container.Content(tvshows)",
            "viewtypes": ["51", "52", "530", "532", "533", "531", "56", "516", "517", "512", "522", "542", "552", "572", "524", "500", "545", "585", "555", "565", "570", "580"],
            "library": "512",
            "plugins": "512"
        },
        "seasons": {
            "rule": "!String.IsEqual(Container.Property(param.info),episode_group_seasons) + Container.Content(seasons)",
            "viewtypes": ["51", "52", "530", "532", "533", "531", "56", "516", "517", "512", "522", "542", "552", "572", "524", "500", "545", "585", "555", "565", "580"],
            "library": "512",
            "plugins": "512"
        },
        "episode-groups-seasons": {
            "rule": "String.IsEqual(Container.Property(param.info),episode_group_seasons) + Container.Content(seasons)",
            "viewtypes": ["51", "52", "530", "532", "533", "531", "56", "516", "517", "512", "522", "542", "552", "572", "524", "500", "545", "585", "555", "565", "570", "580"],
            "library": "512",
            "plugins": "512"
        },
        "episodes": {
            "rule": "Container.Content(episodes)",
            "viewtypes": ["51", "530", "532", "533", "531", "56", "516", "517", "500", "545", "555", "565", "570", "580"],
            "library": "51",
            "plugins": "51"
        },
        "videoversions": {
            "rule": "Container.Content(videoversions)",
            "viewtypes": ["50", "512", "522", "542", "552", "572", "500", "545", "585", "555", "565", "570", "580"],
            "library": "512",
            "plugins": "512"
        },
        "genres": {
            "rule": "!Window.IsVisible(MyMusicNav.xml) + Container.Content(genres)",
            "viewtypes": ["50", "512", "522", "542", "552", "572", "524", "500", "540", "555"],
            "library": "512",
            "plugins": "512"
        },
        "genres-music": {
            "rule": "Window.IsVisible(MyMusicNav.xml) + Container.Content(genres)",
            "viewtypes": ["50", "502", "512", "522", "542", "552", "572", "524", "500", "545", "540", "555", "580"],
            "library": "512",
            "plugins": "512"
        },
        "years": {
            "rule": "!Window.IsVisible(MyMusicNav.xml) + Container.Content(years)",
            "viewtypes": ["50", "512", "522", "542", "552", "572", "524", "500", "540", "555"],
            "library": "512",
            "plugins": "512"
        },
        "years-music": {
            "rule": "Window.IsVisible(MyMusicNav.xml) + Container.Content(years)",
            "viewtypes": ["50", "502", "512", "522", "542", "552", "572", "524", "500", "540", "555"],
            "library": "512",
            "plugins": "512"
        },
        "studios": {
            "rule": "Container.Content(studios)",
            "viewtypes": ["50", "512", "522", "542", "552", "572", "524", "500", "540", "555"],
            "library": "512",
            "plugins": "512"
        },
        "directors": {
            "rule": "Container.Content(directors)",
            "viewtypes": ["50", "512", "522", "542", "552", "572", "524", "500", "540", "555"],
            "library": "512",
            "plugins": "512"
        },
        "countries": {
            "rule": "Container.Content(countries)",
            "viewtypes": ["50", "512", "522", "542", "552", "572", "524", "500", "540", "555"],
            "library": "512",
            "plugins": "512"
        },
        "tags": {
            "rule": "Container.Content(tags)",
            "viewtypes": ["50", "512", "522", "542", "552", "572", "524", "500", "540", "555"],
            "library": "512",
            "plugins": "512"
        },
        "roles": {
            "rule": "Container.Content(roles)",
            "viewtypes": ["50", "512", "522", "542", "552", "572", "524", "500", "540", "555"],
            "library": "512",
            "plugins": "512"
        },
        "actors": {
            "rule": "Container.Content(actors)",
            "viewtypes": ["50", "52", "512", "522", "542", "552", "572", "524", "500", "585", "555"],
            "library": "512",
            "plugins": "512"
        },
        "playlists": {
            "rule": "Container.Content(playlists)",
            "viewtypes": ["50", "512", "500", "540"],
            "library": "50",
            "plugins": "50"
        },
        "musicvideos": {
            "rule": "Container.Content(musicvideos)",
            "viewtypes": ["50", "51", "52", "522", "542", "552", "572", "530", "532", "533", "531", "56", "516", "517", "500", "540", "545", "585", "555", "565", "570", "580"],
            "library": "51",
            "plugins": "51"
        },
        "artists": {
            "rule": "Container.Content(artists)",
            "viewtypes": ["50", "51", "530", "532", "533", "531", "56", "516", "517", "502", "524", "542", "500", "540", "545", "555", "565", "570", "580"],
            "library": "50",
            "plugins": "50"
        },
        "albums": {
            "rule": "Container.Content(albums)",
            "viewtypes": ["50", "56", "516", "517", "524", "542", "500", "540", "555", "565"],
            "library": "50",
            "plugins": "50"
        },
        "songs": {
            "rule": "Container.Content(songs)",
            "viewtypes": ["50", "56", "516", "517", "500", "540", "555", "565"],
            "library": "56",
            "plugins": "56"
        },
        "files": {
            "rule": "Container.Content(files)",
            "viewtypes": ["50", "51", "530", "532", "533", "531", "500", "540", "570"],
            "library": "50",
            "plugins": "50"
        },
        "sources": {
            "rule": "Container.Content(sources)",
            "viewtypes": ["50", "51", "530", "532", "533", "531", "52", "500", "540", "570"],
            "library": "50",
            "plugins": "50"
        },
        "addons": {
            "rule": "Container.Content(addons)",
            "viewtypes": ["50", "500", "540", "555", "565"],
            "library": "50",
            "plugins": "50"
        },
        "recordings": {
            "rule": "Container.Content(recordings)",
            "viewtypes": ["50", "51", "530", "532", "533", "531", "500", "545", "570", "580"],
            "library": "51",
            "plugins": "51"
        },

        "games": {
            "rule": "Container.Content(games)",
            "viewtypes": ["50", "51", "530", "532", "533", "531", "52", "500", "540", "545", "585", "555", "565", "570", "580"],
            "library": "51",
            "plugins": "51"
        },
        "none-games": {
            "rule": "Container.Content() + Window.IsVisible(MyGames.xml)",
            "viewtypes": ["50", "51", "530", "532", "533", "531", "52", "500", "540", "545", "585", "555", "565", "570", "580"],
            "library": "51",
            "plugins": "51"
        },
        "none-recordings": {
            "rule": "Container.Content() + Window.IsVisible(MyPVRRecordings.xml)",
            "viewtypes": ["50", "51", "530", "532", "533", "531", "500", "545", "570", "580"],
            "library": "51",
            "plugins": "51"
        },
        "none-timers": {
            "rule": "Container.Content() + Window.IsVisible(MyPVRTimers.xml)",
            "viewtypes": ["50", "51", "530", "532", "533", "531", "500", "545", "570", "580"],
            "library": "51",
            "plugins": "51"
        },
        "none-search": {
            "rule": "Container.Content() + Window.IsVisible(MyPVRSearch.xml)",
            "viewtypes": ["50", "51", "530", "532", "533", "531", "500", "545", "570", "580"],
            "library": "51",
            "plugins": "51"
        },
        "none-providers": {
            "rule": "Container.Content() + String.IsEqual(Container.Property(param.info),watch_providers)",
            "viewtypes": ["50", "512", "522", "542", "552", "572", "500", "540", "555"],
            "library": "50",
            "plugins": "50"
        },
        "none": {
            "rule": "Container.Content() + !Window.IsVisible(MyGames.xml) + !Window.IsVisible(MyPVRRecordings.xml) + !Window.IsVisible(MyPVRTimers.xml) + !Window.IsVisible(MyPVRSearch.xml) + !String.IsEqual(Container.Property(param.info),watch_providers)",
            "viewtypes": ["50", "500", "540", "555"],
            "library": "50",
            "plugins": "50"
        }

    }
}